"mean","lower_0_025","upper_0_975"
0.591879698321146,0.0299545740307289,0.869615883856924
